{
  "metrics": {
    "mse": 0.002249223738908768,
    "mae": 0.0269224739074707,
    "rmse": 0.04742598168629478
  },
  "extra": {
    "samples": 26214400,
    "tau": 0.5
  }
}