{
  "metrics": {
    "mse": 0.0017247579991817475,
    "mae": 0.027059009075164796,
    "rmse": 0.041530205864909304
  },
  "extra": {
    "samples": 26214400,
    "tau": 0.5
  }
}