{
  "metrics": {
    "mse": 0.002362750768661499,
    "mae": 0.03375756978988648,
    "rmse": 0.04860813479924424
  },
  "extra": {
    "samples": 26214400,
    "tau": 0.5
  }
}