{
  "metrics": {
    "mse": 0.0028258171677589417,
    "mae": 0.0325027871131897,
    "rmse": 0.053158415775481326
  },
  "extra": {
    "samples": 26214400,
    "tau": 0.5
  }
}