{
  "metrics": {
    "mse": 0.002265747934579849,
    "mae": 0.027045063972473145,
    "rmse": 0.04759987326222465
  },
  "extra": {
    "samples": 26214400,
    "tau": 0.5
  }
}