{
  "metrics": {
    "mse": 0.0016147293150424956,
    "mae": 0.025504498481750487,
    "rmse": 0.04018369464151468
  },
  "extra": {
    "samples": 26214400,
    "tau": 0.5
  }
}